Order_ID,Order_Date,Region,Category,Sales,Quantity
1,2022-01-01,East,Technology,327,8
2,2022-01-02,East,Furniture,3221,3
3,2022-01-03,South,Technology,2985,2
4,2022-01-04,South,Technology,4395,3
5,2022-01-05,South,Technology,3164,6
6,2022-01-06,South,Office Supplies,201,7
7,2022-01-07,East,Furniture,3234,7
8,2022-01-08,North,Furniture,1732,3
9,2022-01-09,North,Furniture,3506,2
10,2022-01-10,East,Technology,1137,9
11,2022-01-11,North,Technology,1482,6
12,2022-01-12,West,Furniture,2268,3
13,2022-01-13,North,Furniture,3552,9
14,2022-01-14,North,Furniture,686,2
15,2022-01-15,North,Technology,2584,7
16,2022-01-16,North,Furniture,464,8
17,2022-01-17,West,Furniture,4864,4
18,2022-01-18,East,Furniture,855,4
19,2022-01-19,East,Furniture,3297,1
20,2022-01-20,South,Furniture,751,8
21,2022-01-21,East,Office Supplies,4059,6
22,2022-01-22,South,Furniture,1542,2
23,2022-01-23,East,Furniture,4819,5
24,2022-01-24,North,Technology,3042,3
25,2022-01-25,East,Office Supplies,1493,5
26,2022-01-26,South,Technology,2918,4
27,2022-01-27,West,Furniture,4867,2
28,2022-01-28,West,Technology,2106,9
29,2022-01-29,North,Office Supplies,4245,7
30,2022-01-30,North,Technology,1088,3
31,2022-01-31,South,Technology,1898,8
32,2022-02-01,East,Technology,554,1
33,2022-02-02,East,Technology,3621,4
34,2022-02-03,South,Office Supplies,3994,3
35,2022-02-04,West,Office Supplies,3624,8
36,2022-02-05,West,Technology,1886,3
37,2022-02-06,West,Office Supplies,4940,6
38,2022-02-07,South,Technology,547,3
39,2022-02-08,East,Technology,1254,8
40,2022-02-09,East,Technology,4135,5
41,2022-02-10,South,Office Supplies,1774,5
42,2022-02-11,South,Technology,1603,3
43,2022-02-12,South,Office Supplies,4502,8
44,2022-02-13,South,Office Supplies,4429,6
45,2022-02-14,West,Technology,4285,8
46,2022-02-15,South,Office Supplies,4477,6
47,2022-02-16,West,Office Supplies,243,6
48,2022-02-17,West,Office Supplies,4499,4
49,2022-02-18,North,Furniture,800,2
50,2022-02-19,South,Technology,2713,5
51,2022-02-20,South,Furniture,4400,9
52,2022-02-21,South,Technology,704,5
53,2022-02-22,East,Technology,1829,4
54,2022-02-23,North,Technology,2876,9
55,2022-02-24,West,Furniture,3991,1
56,2022-02-25,West,Technology,3946,9
57,2022-02-26,North,Technology,3625,5
58,2022-02-27,South,Furniture,1804,9
59,2022-02-28,North,Furniture,3400,8
60,2022-03-01,South,Furniture,2665,8
61,2022-03-02,West,Office Supplies,4273,8
62,2022-03-03,South,Technology,3781,7
63,2022-03-04,East,Furniture,1531,2
64,2022-03-05,North,Office Supplies,927,5
65,2022-03-06,West,Office Supplies,3907,2
66,2022-03-07,North,Office Supplies,3876,8
67,2022-03-08,East,Furniture,3666,7
68,2022-03-09,South,Furniture,1513,5
69,2022-03-10,South,Technology,1377,2
70,2022-03-11,West,Furniture,4307,2
71,2022-03-12,North,Office Supplies,3182,3
72,2022-03-13,East,Furniture,1887,3
73,2022-03-14,North,Office Supplies,4260,1
74,2022-03-15,East,Furniture,293,2
75,2022-03-16,East,Office Supplies,1277,3
76,2022-03-17,North,Technology,1409,5
77,2022-03-18,West,Technology,960,8
78,2022-03-19,North,Furniture,4333,6
79,2022-03-20,West,Furniture,2257,5
80,2022-03-21,East,Office Supplies,3049,8
81,2022-03-22,West,Office Supplies,4943,1
82,2022-03-23,North,Furniture,3262,8
83,2022-03-24,North,Technology,4436,3
84,2022-03-25,West,Office Supplies,1006,3
85,2022-03-26,West,Technology,2494,4
86,2022-03-27,East,Office Supplies,3797,3
87,2022-03-28,North,Technology,558,9
88,2022-03-29,East,Technology,2318,2
89,2022-03-30,South,Technology,356,4
90,2022-03-31,South,Office Supplies,1595,8
91,2022-04-01,South,Technology,3780,9
92,2022-04-02,West,Technology,2146,4
93,2022-04-03,North,Furniture,4298,9
94,2022-04-04,East,Furniture,3310,5
95,2022-04-05,West,Technology,4520,2
96,2022-04-06,West,Office Supplies,4482,5
97,2022-04-07,East,Technology,2828,9
98,2022-04-08,North,Technology,838,1
99,2022-04-09,South,Office Supplies,730,2
100,2022-04-10,North,Office Supplies,2942,2
101,2022-04-11,South,Furniture,4866,9
102,2022-04-12,East,Technology,3262,6
103,2022-04-13,South,Office Supplies,656,3
104,2022-04-14,North,Office Supplies,4888,9
105,2022-04-15,South,Technology,4853,5
106,2022-04-16,North,Furniture,1728,6
107,2022-04-17,South,Furniture,1996,4
108,2022-04-18,East,Office Supplies,1434,7
109,2022-04-19,South,Office Supplies,1799,1
110,2022-04-20,West,Office Supplies,529,2
111,2022-04-21,East,Furniture,3750,6
112,2022-04-22,East,Office Supplies,4885,2
113,2022-04-23,South,Technology,3030,2
114,2022-04-24,East,Furniture,825,1
115,2022-04-25,West,Office Supplies,1787,7
116,2022-04-26,South,Furniture,3377,5
117,2022-04-27,North,Technology,1968,7
118,2022-04-28,North,Furniture,4038,2
119,2022-04-29,North,Office Supplies,2097,6
120,2022-04-30,North,Technology,3334,6
121,2022-05-01,North,Technology,3373,9
122,2022-05-02,East,Furniture,3414,2
123,2022-05-03,South,Technology,4030,9
124,2022-05-04,North,Technology,2853,1
125,2022-05-05,West,Furniture,4585,8
126,2022-05-06,South,Furniture,2746,4
127,2022-05-07,East,Technology,262,9
128,2022-05-08,West,Office Supplies,2813,7
129,2022-05-09,North,Office Supplies,1451,8
130,2022-05-10,North,Furniture,312,7
131,2022-05-11,North,Office Supplies,294,2
132,2022-05-12,North,Office Supplies,2135,1
133,2022-05-13,East,Technology,4464,6
134,2022-05-14,North,Furniture,1214,4
135,2022-05-15,South,Furniture,916,6
136,2022-05-16,North,Technology,2189,6
137,2022-05-17,South,Furniture,798,3
138,2022-05-18,West,Furniture,616,3
139,2022-05-19,East,Office Supplies,472,9
140,2022-05-20,North,Office Supplies,1838,3
141,2022-05-21,North,Technology,1807,1
142,2022-05-22,East,Office Supplies,2389,8
143,2022-05-23,South,Technology,2174,7
144,2022-05-24,South,Office Supplies,4044,7
145,2022-05-25,West,Office Supplies,4112,1
146,2022-05-26,West,Technology,2584,7
147,2022-05-27,East,Technology,2777,4
148,2022-05-28,East,Furniture,655,1
149,2022-05-29,West,Furniture,1642,4
150,2022-05-30,West,Furniture,3180,2
151,2022-05-31,North,Office Supplies,3443,1
152,2022-06-01,North,Office Supplies,1501,9
153,2022-06-02,West,Technology,4016,8
154,2022-06-03,North,Office Supplies,2548,8
155,2022-06-04,North,Furniture,2214,4
156,2022-06-05,East,Furniture,1032,5
157,2022-06-06,North,Technology,398,8
158,2022-06-07,South,Office Supplies,3409,7
159,2022-06-08,South,Furniture,3277,3
160,2022-06-09,North,Furniture,2119,9
161,2022-06-10,South,Technology,2333,6
162,2022-06-11,North,Furniture,2938,3
163,2022-06-12,West,Office Supplies,2575,2
164,2022-06-13,North,Technology,435,6
165,2022-06-14,South,Office Supplies,1678,1
166,2022-06-15,East,Technology,2679,6
167,2022-06-16,South,Furniture,608,1
168,2022-06-17,West,Technology,4483,2
169,2022-06-18,West,Furniture,2938,2
170,2022-06-19,South,Furniture,663,9
171,2022-06-20,West,Office Supplies,4880,8
172,2022-06-21,West,Furniture,1606,6
173,2022-06-22,West,Technology,265,4
174,2022-06-23,South,Office Supplies,2855,1
175,2022-06-24,East,Technology,3112,7
176,2022-06-25,East,Furniture,3856,5
177,2022-06-26,North,Furniture,3972,4
178,2022-06-27,North,Office Supplies,1897,6
179,2022-06-28,West,Furniture,1877,9
180,2022-06-29,East,Office Supplies,925,5
181,2022-06-30,South,Technology,3240,5
182,2022-07-01,East,Furniture,2287,9
183,2022-07-02,South,Furniture,1883,3
184,2022-07-03,East,Technology,3089,9
185,2022-07-04,North,Technology,4934,9
186,2022-07-05,East,Furniture,2229,2
187,2022-07-06,West,Office Supplies,4247,3
188,2022-07-07,East,Furniture,4553,3
189,2022-07-08,North,Technology,2956,4
190,2022-07-09,East,Furniture,454,9
191,2022-07-10,West,Office Supplies,3111,1
192,2022-07-11,North,Office Supplies,1217,8
193,2022-07-12,West,Technology,2897,3
194,2022-07-13,South,Office Supplies,2693,1
195,2022-07-14,East,Technology,3792,5
196,2022-07-15,East,Technology,2474,3
197,2022-07-16,West,Technology,4821,4
198,2022-07-17,West,Office Supplies,1571,6
199,2022-07-18,South,Office Supplies,1682,1
200,2022-07-19,East,Furniture,3355,6
201,2022-07-20,West,Furniture,1678,2
202,2022-07-21,East,Office Supplies,1326,7
203,2022-07-22,North,Technology,348,6
204,2022-07-23,East,Technology,1234,4
205,2022-07-24,North,Furniture,2012,6
206,2022-07-25,East,Office Supplies,3118,1
207,2022-07-26,West,Furniture,1940,7
208,2022-07-27,South,Office Supplies,3785,5
209,2022-07-28,North,Technology,3341,3
210,2022-07-29,North,Office Supplies,2650,7
211,2022-07-30,South,Technology,3414,8
212,2022-07-31,North,Office Supplies,1931,8
213,2022-08-01,North,Office Supplies,1669,9
214,2022-08-02,North,Technology,270,2
215,2022-08-03,West,Technology,539,3
216,2022-08-04,East,Office Supplies,2837,5
217,2022-08-05,West,Furniture,4522,3
218,2022-08-06,North,Office Supplies,2245,2
219,2022-08-07,South,Technology,4396,1
220,2022-08-08,West,Furniture,926,9
221,2022-08-09,East,Technology,4736,3
222,2022-08-10,East,Technology,692,9
223,2022-08-11,East,Furniture,213,6
224,2022-08-12,West,Technology,4174,7
225,2022-08-13,North,Furniture,744,6
226,2022-08-14,East,Technology,1747,1
227,2022-08-15,North,Office Supplies,1358,8
228,2022-08-16,North,Technology,2475,6
229,2022-08-17,South,Technology,2719,9
230,2022-08-18,North,Furniture,1633,9
231,2022-08-19,North,Technology,3715,4
232,2022-08-20,South,Furniture,181,3
233,2022-08-21,West,Technology,223,7
234,2022-08-22,North,Technology,1909,9
235,2022-08-23,South,Office Supplies,613,1
236,2022-08-24,West,Technology,4444,3
237,2022-08-25,West,Technology,2241,3
238,2022-08-26,North,Technology,2518,9
239,2022-08-27,North,Furniture,3094,5
240,2022-08-28,West,Technology,2796,9
241,2022-08-29,East,Office Supplies,2862,7
242,2022-08-30,North,Office Supplies,2568,9
243,2022-08-31,West,Office Supplies,4315,3
244,2022-09-01,North,Technology,922,8
245,2022-09-02,South,Furniture,3770,7
246,2022-09-03,East,Office Supplies,367,1
247,2022-09-04,West,Furniture,765,5
248,2022-09-05,North,Furniture,1781,4
249,2022-09-06,North,Furniture,465,4
250,2022-09-07,West,Office Supplies,3700,5
251,2022-09-08,North,Technology,427,6
252,2022-09-09,West,Office Supplies,2502,2
253,2022-09-10,West,Furniture,2962,3
254,2022-09-11,West,Technology,4937,8
255,2022-09-12,West,Office Supplies,2167,6
256,2022-09-13,North,Furniture,3701,6
257,2022-09-14,South,Office Supplies,2151,2
258,2022-09-15,East,Technology,3058,2
259,2022-09-16,North,Technology,3739,2
260,2022-09-17,South,Office Supplies,1468,3
261,2022-09-18,West,Furniture,568,2
262,2022-09-19,East,Technology,3764,8
263,2022-09-20,North,Furniture,1482,8
264,2022-09-21,East,Technology,2307,8
265,2022-09-22,North,Office Supplies,4402,8
266,2022-09-23,South,Office Supplies,703,1
267,2022-09-24,West,Furniture,498,8
268,2022-09-25,South,Office Supplies,3665,7
269,2022-09-26,South,Furniture,3480,3
270,2022-09-27,East,Technology,1378,6
271,2022-09-28,North,Furniture,1221,3
272,2022-09-29,West,Technology,3339,1
273,2022-09-30,North,Technology,3694,1
274,2022-10-01,West,Technology,2291,4
275,2022-10-02,West,Furniture,4269,3
276,2022-10-03,West,Furniture,1326,2
277,2022-10-04,North,Office Supplies,3056,9
278,2022-10-05,West,Technology,272,3
279,2022-10-06,East,Technology,4062,7
280,2022-10-07,South,Office Supplies,3648,8
281,2022-10-08,East,Furniture,1592,3
282,2022-10-09,South,Technology,1028,7
283,2022-10-10,North,Furniture,1666,2
284,2022-10-11,South,Office Supplies,4571,1
285,2022-10-12,South,Office Supplies,2563,2
286,2022-10-13,North,Furniture,562,8
287,2022-10-14,East,Office Supplies,1843,7
288,2022-10-15,North,Technology,3557,6
289,2022-10-16,West,Furniture,4897,3
290,2022-10-17,East,Office Supplies,1058,4
291,2022-10-18,North,Technology,4328,3
292,2022-10-19,West,Technology,4753,3
293,2022-10-20,East,Technology,3024,2
294,2022-10-21,East,Office Supplies,4907,3
295,2022-10-22,West,Furniture,2425,2
296,2022-10-23,West,Office Supplies,1157,6
297,2022-10-24,South,Furniture,3595,9
298,2022-10-25,North,Office Supplies,3996,2
299,2022-10-26,North,Technology,441,8
300,2022-10-27,South,Technology,4020,1
301,2022-10-28,West,Technology,2809,9
302,2022-10-29,East,Technology,1475,8
303,2022-10-30,North,Technology,2971,6
304,2022-10-31,West,Furniture,2959,6
305,2022-11-01,North,Furniture,491,7
306,2022-11-02,East,Office Supplies,478,9
307,2022-11-03,South,Technology,3720,7
308,2022-11-04,East,Technology,2509,8
309,2022-11-05,West,Furniture,1556,2
310,2022-11-06,West,Technology,1589,1
311,2022-11-07,West,Office Supplies,3216,3
312,2022-11-08,South,Technology,2726,3
313,2022-11-09,North,Office Supplies,474,8
314,2022-11-10,South,Office Supplies,1562,3
315,2022-11-11,North,Technology,2905,7
316,2022-11-12,South,Furniture,4840,8
317,2022-11-13,West,Technology,654,6
318,2022-11-14,West,Office Supplies,2178,3
319,2022-11-15,East,Technology,2078,3
320,2022-11-16,West,Furniture,1885,3
321,2022-11-17,South,Furniture,2988,2
322,2022-11-18,North,Office Supplies,1029,8
323,2022-11-19,West,Technology,1168,8
324,2022-11-20,East,Furniture,1895,7
325,2022-11-21,East,Technology,4269,1
326,2022-11-22,West,Furniture,4203,9
327,2022-11-23,South,Technology,4554,4
328,2022-11-24,West,Office Supplies,2659,8
329,2022-11-25,North,Technology,264,5
330,2022-11-26,East,Technology,3207,6
331,2022-11-27,South,Office Supplies,1611,1
332,2022-11-28,North,Office Supplies,3128,9
333,2022-11-29,East,Furniture,3573,6
334,2022-11-30,South,Technology,140,4
335,2022-12-01,South,Technology,3961,9
336,2022-12-02,South,Office Supplies,3832,2
337,2022-12-03,West,Office Supplies,4606,2
338,2022-12-04,West,Office Supplies,1186,9
339,2022-12-05,North,Technology,724,9
340,2022-12-06,East,Office Supplies,1214,4
341,2022-12-07,South,Technology,4143,5
342,2022-12-08,North,Technology,840,7
343,2022-12-09,West,Furniture,2570,9
344,2022-12-10,East,Technology,3345,6
345,2022-12-11,North,Furniture,3469,4
346,2022-12-12,East,Furniture,3861,7
347,2022-12-13,North,Office Supplies,999,1
348,2022-12-14,East,Furniture,2683,3
349,2022-12-15,West,Office Supplies,4410,6
350,2022-12-16,West,Technology,560,4
351,2022-12-17,West,Furniture,4522,9
352,2022-12-18,North,Technology,393,6
353,2022-12-19,North,Furniture,2730,6
354,2022-12-20,East,Furniture,2608,4
355,2022-12-21,North,Technology,2516,1
356,2022-12-22,West,Office Supplies,2849,9
357,2022-12-23,East,Technology,4523,2
358,2022-12-24,East,Technology,4396,7
359,2022-12-25,South,Technology,4844,9
360,2022-12-26,East,Furniture,3726,4
361,2022-12-27,West,Technology,3383,2
362,2022-12-28,West,Furniture,1230,6
363,2022-12-29,East,Technology,4397,1
364,2022-12-30,South,Technology,3741,9
365,2022-12-31,East,Furniture,1253,6
366,2023-01-01,North,Technology,3276,1
367,2023-01-02,West,Furniture,1129,4
368,2023-01-03,East,Office Supplies,1024,8
369,2023-01-04,South,Office Supplies,1402,6
370,2023-01-05,West,Technology,1497,1
371,2023-01-06,East,Furniture,1606,6
372,2023-01-07,North,Furniture,3680,4
373,2023-01-08,East,Office Supplies,3907,6
374,2023-01-09,South,Furniture,1642,8
375,2023-01-10,South,Office Supplies,4792,8
376,2023-01-11,North,Technology,649,4
377,2023-01-12,West,Furniture,943,2
378,2023-01-13,West,Furniture,2621,1
379,2023-01-14,North,Office Supplies,3285,7
380,2023-01-15,South,Furniture,182,3
381,2023-01-16,East,Technology,2711,5
382,2023-01-17,South,Office Supplies,4767,5
383,2023-01-18,North,Office Supplies,3116,2
384,2023-01-19,East,Technology,1872,5
385,2023-01-20,South,Office Supplies,3369,6
386,2023-01-21,South,Furniture,1956,8
387,2023-01-22,North,Furniture,1476,2
388,2023-01-23,South,Office Supplies,3830,1
389,2023-01-24,East,Furniture,2912,2
390,2023-01-25,South,Office Supplies,460,2
391,2023-01-26,South,Technology,4943,3
392,2023-01-27,North,Office Supplies,3001,7
393,2023-01-28,South,Technology,2967,5
394,2023-01-29,East,Furniture,848,4
395,2023-01-30,East,Furniture,1186,6
396,2023-01-31,East,Technology,3569,4
397,2023-02-01,West,Technology,4296,8
398,2023-02-02,West,Technology,244,3
399,2023-02-03,South,Office Supplies,4066,1
400,2023-02-04,West,Office Supplies,4965,8
401,2023-02-05,East,Office Supplies,148,8
402,2023-02-06,South,Furniture,4440,2
403,2023-02-07,North,Technology,4295,2
404,2023-02-08,South,Furniture,3573,5
405,2023-02-09,East,Technology,3969,9
406,2023-02-10,East,Furniture,3165,8
407,2023-02-11,East,Technology,860,3
408,2023-02-12,West,Technology,1374,3
409,2023-02-13,South,Furniture,2983,8
410,2023-02-14,South,Furniture,666,8
411,2023-02-15,West,Office Supplies,3483,4
412,2023-02-16,West,Furniture,4991,2
413,2023-02-17,East,Technology,3372,5
414,2023-02-18,South,Technology,2516,4
415,2023-02-19,North,Furniture,2943,2
416,2023-02-20,North,Technology,4527,5
417,2023-02-21,East,Office Supplies,151,6
418,2023-02-22,South,Office Supplies,299,7
419,2023-02-23,East,Office Supplies,3153,1
420,2023-02-24,West,Office Supplies,2683,9
421,2023-02-25,East,Technology,3926,6
422,2023-02-26,West,Technology,3649,6
423,2023-02-27,South,Office Supplies,3693,7
424,2023-02-28,West,Technology,4013,7
425,2023-03-01,West,Office Supplies,2962,2
426,2023-03-02,South,Furniture,3171,5
427,2023-03-03,East,Office Supplies,1078,6
428,2023-03-04,South,Office Supplies,336,1
429,2023-03-05,North,Office Supplies,1988,3
430,2023-03-06,West,Office Supplies,2143,3
431,2023-03-07,North,Office Supplies,229,1
432,2023-03-08,South,Office Supplies,861,7
433,2023-03-09,South,Technology,3063,5
434,2023-03-10,East,Office Supplies,2062,3
435,2023-03-11,East,Technology,2761,3
436,2023-03-12,North,Furniture,1162,8
437,2023-03-13,North,Technology,1009,7
438,2023-03-14,West,Technology,155,5
439,2023-03-15,West,Technology,2573,9
440,2023-03-16,East,Furniture,194,5
441,2023-03-17,North,Technology,3805,5
442,2023-03-18,East,Technology,2098,8
443,2023-03-19,South,Office Supplies,3460,6
444,2023-03-20,East,Office Supplies,2071,7
445,2023-03-21,South,Technology,1305,1
446,2023-03-22,West,Furniture,4197,1
447,2023-03-23,South,Furniture,494,4
448,2023-03-24,North,Furniture,448,9
449,2023-03-25,North,Technology,3931,8
450,2023-03-26,North,Office Supplies,1747,9
451,2023-03-27,South,Technology,3324,7
452,2023-03-28,North,Office Supplies,323,4
453,2023-03-29,North,Technology,2444,5
454,2023-03-30,West,Office Supplies,4614,8
455,2023-03-31,East,Technology,1404,8
456,2023-04-01,West,Furniture,4601,6
457,2023-04-02,South,Office Supplies,2838,9
458,2023-04-03,South,Office Supplies,1755,7
459,2023-04-04,East,Furniture,901,6
460,2023-04-05,West,Office Supplies,2888,2
461,2023-04-06,South,Furniture,2664,1
462,2023-04-07,East,Furniture,3895,1
463,2023-04-08,North,Furniture,648,6
464,2023-04-09,North,Office Supplies,668,4
465,2023-04-10,East,Technology,1980,7
466,2023-04-11,East,Office Supplies,660,6
467,2023-04-12,West,Technology,2335,8
468,2023-04-13,East,Furniture,3338,4
469,2023-04-14,West,Office Supplies,2717,1
470,2023-04-15,North,Furniture,3324,3
471,2023-04-16,West,Furniture,2207,7
472,2023-04-17,North,Office Supplies,3275,4
473,2023-04-18,East,Technology,997,4
474,2023-04-19,South,Furniture,3831,4
475,2023-04-20,South,Office Supplies,2015,8
476,2023-04-21,South,Furniture,4497,4
477,2023-04-22,South,Office Supplies,3758,6
478,2023-04-23,South,Furniture,1916,6
479,2023-04-24,East,Technology,3832,9
480,2023-04-25,West,Office Supplies,3337,3
481,2023-04-26,West,Furniture,2197,7
482,2023-04-27,North,Furniture,4824,8
483,2023-04-28,East,Technology,1215,6
484,2023-04-29,West,Office Supplies,3254,7
485,2023-04-30,South,Technology,4564,5
486,2023-05-01,West,Furniture,1693,9
487,2023-05-02,East,Technology,4452,9
488,2023-05-03,West,Technology,3839,4
489,2023-05-04,South,Office Supplies,4579,1
490,2023-05-05,North,Furniture,3906,8
491,2023-05-06,South,Technology,2128,1
492,2023-05-07,North,Technology,3285,4
493,2023-05-08,North,Technology,4595,5
494,2023-05-09,East,Office Supplies,588,8
495,2023-05-10,South,Technology,1961,6
496,2023-05-11,West,Technology,1053,7
497,2023-05-12,South,Office Supplies,4342,9
498,2023-05-13,West,Technology,1152,3
499,2023-05-14,East,Office Supplies,3388,9
500,2023-05-15,West,Furniture,1636,3
501,2023-05-16,West,Office Supplies,3444,3
502,2023-05-17,East,Furniture,2555,4
503,2023-05-18,South,Office Supplies,2698,9
504,2023-05-19,East,Furniture,1785,1
505,2023-05-20,North,Technology,564,2
506,2023-05-21,West,Furniture,2070,4
507,2023-05-22,East,Furniture,2572,1
508,2023-05-23,South,Technology,711,3
509,2023-05-24,South,Office Supplies,1260,8
510,2023-05-25,West,Technology,3935,5
511,2023-05-26,East,Technology,1146,1
512,2023-05-27,West,Office Supplies,4145,4
513,2023-05-28,West,Office Supplies,4341,5
514,2023-05-29,West,Technology,953,9
515,2023-05-30,East,Furniture,1742,8
516,2023-05-31,South,Furniture,1681,4
517,2023-06-01,West,Office Supplies,4625,5
518,2023-06-02,East,Office Supplies,3053,6
519,2023-06-03,North,Office Supplies,3355,1
520,2023-06-04,West,Technology,4126,4
521,2023-06-05,North,Technology,1109,1
522,2023-06-06,West,Furniture,4809,2
523,2023-06-07,South,Technology,967,3
524,2023-06-08,North,Furniture,3059,4
525,2023-06-09,East,Furniture,3939,8
526,2023-06-10,North,Office Supplies,2721,6
527,2023-06-11,North,Office Supplies,1031,1
528,2023-06-12,South,Furniture,3411,9
529,2023-06-13,East,Office Supplies,1096,7
530,2023-06-14,South,Technology,882,5
531,2023-06-15,South,Technology,3281,9
532,2023-06-16,South,Office Supplies,3266,5
533,2023-06-17,South,Office Supplies,127,4
534,2023-06-18,North,Technology,1490,1
535,2023-06-19,East,Furniture,1769,7
536,2023-06-20,West,Office Supplies,4197,9
537,2023-06-21,North,Furniture,1820,7
538,2023-06-22,North,Technology,4839,7
539,2023-06-23,North,Office Supplies,4854,1
540,2023-06-24,North,Technology,2910,8
541,2023-06-25,South,Office Supplies,4256,6
542,2023-06-26,West,Technology,362,7
543,2023-06-27,North,Technology,3170,9
544,2023-06-28,East,Technology,2637,2
545,2023-06-29,West,Furniture,2371,8
546,2023-06-30,North,Office Supplies,4478,3
547,2023-07-01,East,Office Supplies,4862,3
548,2023-07-02,South,Office Supplies,4054,6
549,2023-07-03,North,Technology,4476,9
550,2023-07-04,West,Furniture,1883,2
551,2023-07-05,South,Furniture,2849,2
552,2023-07-06,West,Office Supplies,2429,1
553,2023-07-07,East,Office Supplies,1185,5
554,2023-07-08,North,Furniture,4650,8
555,2023-07-09,South,Office Supplies,533,2
556,2023-07-10,North,Furniture,3604,2
557,2023-07-11,South,Furniture,2167,1
558,2023-07-12,East,Technology,4186,6
559,2023-07-13,South,Technology,2305,8
560,2023-07-14,North,Furniture,4371,4
561,2023-07-15,West,Technology,3497,2
562,2023-07-16,North,Technology,4384,3
563,2023-07-17,South,Office Supplies,3984,3
564,2023-07-18,South,Technology,1080,4
565,2023-07-19,East,Office Supplies,4077,3
566,2023-07-20,North,Office Supplies,4084,6
567,2023-07-21,North,Furniture,1280,5
568,2023-07-22,East,Office Supplies,4869,5
569,2023-07-23,East,Furniture,2568,8
570,2023-07-24,West,Furniture,1724,3
571,2023-07-25,West,Office Supplies,648,7
572,2023-07-26,North,Technology,3854,5
573,2023-07-27,South,Office Supplies,1859,6
574,2023-07-28,North,Furniture,2084,6
575,2023-07-29,North,Office Supplies,4689,6
576,2023-07-30,North,Technology,639,8
577,2023-07-31,East,Furniture,956,9
578,2023-08-01,North,Office Supplies,1228,7
579,2023-08-02,East,Office Supplies,1795,6
580,2023-08-03,West,Technology,2218,2
581,2023-08-04,West,Office Supplies,877,7
582,2023-08-05,South,Technology,719,4
583,2023-08-06,West,Office Supplies,2441,9
584,2023-08-07,East,Office Supplies,2455,4
585,2023-08-08,East,Technology,3748,2
586,2023-08-09,North,Office Supplies,1650,4
587,2023-08-10,West,Furniture,4554,1
588,2023-08-11,South,Technology,1296,4
589,2023-08-12,West,Furniture,3628,6
590,2023-08-13,West,Office Supplies,4521,8
591,2023-08-14,West,Furniture,480,7
592,2023-08-15,North,Furniture,4350,8
593,2023-08-16,East,Furniture,294,3
594,2023-08-17,East,Technology,3376,7
595,2023-08-18,West,Office Supplies,1176,4
596,2023-08-19,East,Office Supplies,4918,7
597,2023-08-20,East,Technology,3991,5
598,2023-08-21,South,Furniture,2594,6
599,2023-08-22,North,Furniture,435,2
600,2023-08-23,South,Office Supplies,1022,9
601,2023-08-24,North,Furniture,2070,4
602,2023-08-25,North,Technology,1449,6
603,2023-08-26,South,Furniture,2331,7
604,2023-08-27,South,Office Supplies,1261,3
605,2023-08-28,West,Technology,3123,7
606,2023-08-29,South,Technology,4434,5
607,2023-08-30,North,Furniture,1173,1
608,2023-08-31,South,Office Supplies,839,6
609,2023-09-01,South,Furniture,4819,6
610,2023-09-02,East,Furniture,2676,2
611,2023-09-03,South,Furniture,3044,9
612,2023-09-04,East,Office Supplies,3156,7
613,2023-09-05,West,Technology,478,4
614,2023-09-06,West,Technology,4485,2
615,2023-09-07,South,Technology,3300,1
616,2023-09-08,North,Technology,4332,5
617,2023-09-09,North,Furniture,1956,2
618,2023-09-10,East,Office Supplies,4933,8
619,2023-09-11,South,Technology,2671,6
620,2023-09-12,West,Office Supplies,4942,8
621,2023-09-13,North,Technology,2088,4
622,2023-09-14,West,Office Supplies,1000,5
623,2023-09-15,East,Furniture,1462,1
624,2023-09-16,West,Office Supplies,2774,3
625,2023-09-17,South,Furniture,1429,1
626,2023-09-18,South,Technology,2076,9
627,2023-09-19,West,Furniture,3184,4
628,2023-09-20,North,Office Supplies,1414,6
629,2023-09-21,West,Technology,3925,6
630,2023-09-22,North,Technology,970,2
631,2023-09-23,North,Technology,306,2
632,2023-09-24,North,Technology,2485,3
633,2023-09-25,South,Office Supplies,2888,3
634,2023-09-26,West,Office Supplies,2107,3
635,2023-09-27,North,Technology,340,9
636,2023-09-28,North,Office Supplies,1079,3
637,2023-09-29,West,Furniture,2178,5
638,2023-09-30,South,Technology,860,3
639,2023-10-01,South,Furniture,3158,9
640,2023-10-02,East,Furniture,4928,3
641,2023-10-03,South,Furniture,4541,5
642,2023-10-04,West,Technology,680,9
643,2023-10-05,East,Office Supplies,1210,7
644,2023-10-06,North,Technology,1088,6
645,2023-10-07,West,Office Supplies,3651,1
646,2023-10-08,West,Office Supplies,2339,8
647,2023-10-09,North,Furniture,3029,2
648,2023-10-10,North,Office Supplies,3752,9
649,2023-10-11,East,Office Supplies,3030,8
650,2023-10-12,South,Technology,2688,6
651,2023-10-13,South,Furniture,4866,4
652,2023-10-14,South,Technology,3586,4
653,2023-10-15,North,Technology,4861,8
654,2023-10-16,East,Furniture,392,3
655,2023-10-17,South,Technology,3529,3
656,2023-10-18,South,Office Supplies,3611,7
657,2023-10-19,North,Office Supplies,393,1
658,2023-10-20,East,Office Supplies,4281,3
659,2023-10-21,West,Technology,2113,4
660,2023-10-22,South,Office Supplies,3138,4
661,2023-10-23,East,Furniture,206,5
662,2023-10-24,North,Technology,1920,7
663,2023-10-25,West,Furniture,2427,8
664,2023-10-26,North,Office Supplies,4398,3
665,2023-10-27,West,Office Supplies,2356,9
666,2023-10-28,East,Technology,4800,9
667,2023-10-29,East,Office Supplies,659,6
668,2023-10-30,East,Office Supplies,1542,7
669,2023-10-31,West,Technology,603,4
670,2023-11-01,West,Technology,4942,1
671,2023-11-02,South,Office Supplies,2825,7
672,2023-11-03,West,Furniture,2005,2
673,2023-11-04,South,Technology,2815,8
674,2023-11-05,South,Technology,2326,3
675,2023-11-06,East,Office Supplies,1782,8
676,2023-11-07,East,Furniture,564,2
677,2023-11-08,East,Technology,1705,2
678,2023-11-09,North,Technology,3446,9
679,2023-11-10,East,Technology,543,6
680,2023-11-11,East,Technology,4554,4
681,2023-11-12,East,Office Supplies,3130,8
682,2023-11-13,North,Technology,3163,4
683,2023-11-14,North,Technology,1212,2
684,2023-11-15,West,Furniture,3121,4
685,2023-11-16,West,Technology,2393,2
686,2023-11-17,West,Office Supplies,2786,4
687,2023-11-18,South,Technology,4527,5
688,2023-11-19,South,Office Supplies,2719,1
689,2023-11-20,West,Furniture,1301,8
690,2023-11-21,East,Office Supplies,3302,1
691,2023-11-22,South,Furniture,280,6
692,2023-11-23,East,Furniture,3152,5
693,2023-11-24,North,Furniture,3252,1
694,2023-11-25,West,Office Supplies,2759,7
695,2023-11-26,East,Office Supplies,1221,7
696,2023-11-27,South,Technology,4156,5
697,2023-11-28,East,Furniture,3444,6
698,2023-11-29,South,Office Supplies,3962,2
699,2023-11-30,West,Technology,2531,4
700,2023-12-01,North,Office Supplies,4418,5
701,2023-12-02,North,Office Supplies,4176,6
702,2023-12-03,North,Office Supplies,2811,8
703,2023-12-04,East,Office Supplies,3343,8
704,2023-12-05,West,Technology,2302,8
705,2023-12-06,West,Office Supplies,1390,4
706,2023-12-07,South,Office Supplies,2766,1
707,2023-12-08,East,Furniture,3138,8
708,2023-12-09,West,Technology,3457,6
709,2023-12-10,West,Furniture,1897,9
710,2023-12-11,North,Office Supplies,2334,4
711,2023-12-12,North,Technology,935,3
712,2023-12-13,North,Technology,908,5
713,2023-12-14,West,Technology,4936,4
714,2023-12-15,South,Furniture,2059,5
715,2023-12-16,East,Furniture,1765,5
716,2023-12-17,South,Technology,1863,4
717,2023-12-18,North,Furniture,4645,7
718,2023-12-19,South,Furniture,341,5
719,2023-12-20,North,Technology,4146,9
720,2023-12-21,North,Office Supplies,2578,2
721,2023-12-22,North,Furniture,2686,8
722,2023-12-23,East,Technology,330,7
723,2023-12-24,South,Furniture,1555,5
724,2023-12-25,East,Office Supplies,3814,5
725,2023-12-26,South,Technology,3064,7
726,2023-12-27,West,Office Supplies,4354,4
727,2023-12-28,South,Furniture,2092,4
728,2023-12-29,South,Furniture,3041,2
729,2023-12-30,West,Office Supplies,2392,1
730,2023-12-31,West,Furniture,2848,7
731,2024-01-01,South,Technology,2117,3
732,2024-01-02,North,Technology,2747,2
733,2024-01-03,West,Furniture,2902,8
734,2024-01-04,West,Technology,3437,6
735,2024-01-05,South,Technology,3715,5
736,2024-01-06,North,Office Supplies,3572,9
737,2024-01-07,South,Office Supplies,3434,8
738,2024-01-08,South,Technology,2745,4
739,2024-01-09,West,Technology,2266,4
740,2024-01-10,West,Technology,515,7
741,2024-01-11,East,Furniture,1320,3
742,2024-01-12,West,Furniture,2953,6
743,2024-01-13,East,Technology,4574,2
744,2024-01-14,South,Technology,3898,5
745,2024-01-15,North,Office Supplies,2767,2
746,2024-01-16,South,Office Supplies,1122,2
747,2024-01-17,West,Furniture,4037,5
748,2024-01-18,West,Office Supplies,4282,8
749,2024-01-19,West,Technology,4393,5
750,2024-01-20,West,Furniture,4635,7
751,2024-01-21,North,Furniture,3502,6
752,2024-01-22,East,Technology,4064,1
753,2024-01-23,North,Office Supplies,350,7
754,2024-01-24,North,Technology,1833,1
755,2024-01-25,North,Technology,1965,7
756,2024-01-26,North,Furniture,4755,9
757,2024-01-27,South,Office Supplies,4300,5
758,2024-01-28,North,Technology,1786,2
759,2024-01-29,South,Technology,3675,4
760,2024-01-30,East,Technology,4123,8
761,2024-01-31,West,Office Supplies,1177,8
762,2024-02-01,South,Office Supplies,3142,8
763,2024-02-02,East,Office Supplies,2747,5
764,2024-02-03,West,Furniture,1471,9
765,2024-02-04,West,Office Supplies,3750,6
766,2024-02-05,South,Office Supplies,3994,3
767,2024-02-06,West,Office Supplies,4395,4
768,2024-02-07,West,Furniture,241,2
769,2024-02-08,North,Office Supplies,1765,9
770,2024-02-09,North,Office Supplies,4617,3
771,2024-02-10,West,Furniture,3107,6
772,2024-02-11,South,Technology,3383,9
773,2024-02-12,West,Office Supplies,1013,2
774,2024-02-13,North,Furniture,1676,9
775,2024-02-14,South,Technology,639,2
776,2024-02-15,North,Office Supplies,827,9
777,2024-02-16,West,Technology,1588,5
778,2024-02-17,West,Office Supplies,2102,9
779,2024-02-18,North,Office Supplies,1485,5
780,2024-02-19,East,Office Supplies,2623,4
781,2024-02-20,East,Technology,3525,2
782,2024-02-21,East,Office Supplies,3135,7
783,2024-02-22,West,Office Supplies,3433,8
784,2024-02-23,South,Technology,539,3
785,2024-02-24,West,Office Supplies,4828,8
786,2024-02-25,East,Office Supplies,3420,5
787,2024-02-26,East,Furniture,3164,7
788,2024-02-27,South,Office Supplies,1267,8
789,2024-02-28,North,Furniture,4140,8
790,2024-02-29,East,Furniture,3956,6
791,2024-03-01,East,Office Supplies,1733,8
792,2024-03-02,East,Office Supplies,3829,9
793,2024-03-03,North,Office Supplies,2365,4
794,2024-03-04,West,Office Supplies,894,2
795,2024-03-05,South,Technology,4980,5
796,2024-03-06,East,Office Supplies,3968,8
797,2024-03-07,South,Office Supplies,2080,9
798,2024-03-08,North,Technology,4499,9
799,2024-03-09,East,Technology,1987,6
800,2024-03-10,West,Office Supplies,3594,5
801,2024-03-11,South,Office Supplies,1063,4
802,2024-03-12,South,Furniture,1969,1
803,2024-03-13,South,Furniture,3728,4
804,2024-03-14,East,Furniture,1205,2
805,2024-03-15,South,Office Supplies,1085,5
806,2024-03-16,West,Furniture,2982,6
807,2024-03-17,South,Technology,4873,1
808,2024-03-18,South,Furniture,2781,5
809,2024-03-19,East,Office Supplies,4171,5
810,2024-03-20,East,Furniture,4516,7
811,2024-03-21,South,Furniture,4108,3
812,2024-03-22,South,Office Supplies,2610,5
813,2024-03-23,North,Furniture,1577,7
814,2024-03-24,North,Furniture,2453,4
815,2024-03-25,South,Furniture,1170,2
816,2024-03-26,East,Technology,1803,9
817,2024-03-27,East,Technology,1296,5
818,2024-03-28,North,Office Supplies,2195,4
819,2024-03-29,South,Furniture,386,3
820,2024-03-30,South,Office Supplies,4069,9
821,2024-03-31,North,Office Supplies,2755,7
822,2024-04-01,North,Technology,278,5
823,2024-04-02,South,Furniture,4526,5
824,2024-04-03,East,Office Supplies,2038,4
825,2024-04-04,East,Office Supplies,745,9
826,2024-04-05,North,Office Supplies,364,4
827,2024-04-06,South,Furniture,4473,4
828,2024-04-07,South,Technology,264,6
829,2024-04-08,East,Furniture,777,6
830,2024-04-09,South,Office Supplies,2474,5
831,2024-04-10,North,Office Supplies,3235,3
832,2024-04-11,West,Technology,4430,2
833,2024-04-12,West,Technology,4173,6
834,2024-04-13,West,Technology,2737,6
835,2024-04-14,South,Furniture,1174,7
836,2024-04-15,North,Furniture,1519,6
837,2024-04-16,South,Office Supplies,4809,3
838,2024-04-17,North,Office Supplies,4951,7
839,2024-04-18,West,Office Supplies,4242,6
840,2024-04-19,North,Technology,2679,7
841,2024-04-20,North,Furniture,1103,1
842,2024-04-21,South,Office Supplies,916,8
843,2024-04-22,South,Technology,380,9
844,2024-04-23,North,Office Supplies,2899,9
845,2024-04-24,South,Furniture,803,2
846,2024-04-25,East,Technology,4354,1
847,2024-04-26,South,Office Supplies,2166,3
848,2024-04-27,South,Technology,276,1
849,2024-04-28,North,Technology,715,3
850,2024-04-29,North,Furniture,1947,3
851,2024-04-30,South,Furniture,2254,7
852,2024-05-01,East,Office Supplies,2577,5
853,2024-05-02,East,Technology,1507,3
854,2024-05-03,West,Furniture,4339,8
855,2024-05-04,North,Office Supplies,3278,5
856,2024-05-05,East,Office Supplies,287,5
857,2024-05-06,East,Office Supplies,3259,2
858,2024-05-07,North,Technology,851,1
859,2024-05-08,South,Furniture,3458,9
860,2024-05-09,East,Office Supplies,4403,7
861,2024-05-10,South,Office Supplies,2539,8
862,2024-05-11,East,Technology,3120,5
863,2024-05-12,South,Furniture,940,2
864,2024-05-13,South,Technology,542,5
865,2024-05-14,East,Technology,2401,3
866,2024-05-15,West,Furniture,2105,2
867,2024-05-16,East,Office Supplies,368,6
868,2024-05-17,North,Office Supplies,1355,5
869,2024-05-18,South,Furniture,3097,1
870,2024-05-19,South,Technology,3522,2
871,2024-05-20,South,Office Supplies,1768,3
872,2024-05-21,East,Furniture,4453,3
873,2024-05-22,South,Furniture,4541,5
874,2024-05-23,North,Office Supplies,932,3
875,2024-05-24,North,Technology,1796,9
876,2024-05-25,South,Office Supplies,3274,7
877,2024-05-26,South,Furniture,846,2
878,2024-05-27,North,Furniture,4533,9
879,2024-05-28,South,Office Supplies,2542,6
880,2024-05-29,West,Technology,3581,3
881,2024-05-30,South,Technology,2451,2
882,2024-05-31,North,Furniture,790,7
883,2024-06-01,North,Furniture,140,5
884,2024-06-02,East,Technology,4849,1
885,2024-06-03,South,Office Supplies,312,6
886,2024-06-04,East,Office Supplies,4525,5
887,2024-06-05,West,Office Supplies,576,2
888,2024-06-06,East,Technology,1727,9
889,2024-06-07,North,Furniture,3796,4
890,2024-06-08,West,Furniture,1922,6
891,2024-06-09,South,Technology,3434,9
892,2024-06-10,South,Furniture,2383,7
893,2024-06-11,South,Furniture,1210,9
894,2024-06-12,South,Office Supplies,2133,9
895,2024-06-13,North,Technology,4931,1
896,2024-06-14,South,Technology,3678,2
897,2024-06-15,South,Technology,299,1
898,2024-06-16,North,Technology,956,4
899,2024-06-17,West,Technology,3646,4
900,2024-06-18,East,Technology,1989,2
901,2024-06-19,North,Technology,2861,1
902,2024-06-20,East,Technology,3822,5
903,2024-06-21,East,Technology,3303,6
904,2024-06-22,South,Furniture,4186,5
905,2024-06-23,South,Office Supplies,3305,6
906,2024-06-24,North,Office Supplies,1071,4
907,2024-06-25,East,Furniture,1747,9
908,2024-06-26,East,Furniture,4783,3
909,2024-06-27,West,Technology,4835,3
910,2024-06-28,West,Office Supplies,2232,8
911,2024-06-29,South,Furniture,3960,4
912,2024-06-30,South,Furniture,1746,6
913,2024-07-01,East,Technology,134,9
914,2024-07-02,North,Furniture,867,3
915,2024-07-03,East,Office Supplies,4959,3
916,2024-07-04,East,Office Supplies,1709,2
917,2024-07-05,East,Furniture,4348,9
918,2024-07-06,East,Technology,3929,7
919,2024-07-07,South,Furniture,4696,1
920,2024-07-08,North,Office Supplies,2573,9
921,2024-07-09,North,Technology,565,2
922,2024-07-10,East,Technology,4639,2
923,2024-07-11,West,Furniture,2971,8
924,2024-07-12,South,Office Supplies,4106,7
925,2024-07-13,West,Technology,2505,9
926,2024-07-14,North,Office Supplies,1506,3
927,2024-07-15,North,Technology,1918,2
928,2024-07-16,South,Technology,704,2
929,2024-07-17,East,Technology,871,8
930,2024-07-18,East,Office Supplies,4112,4
931,2024-07-19,North,Office Supplies,1720,4
932,2024-07-20,South,Furniture,3406,8
933,2024-07-21,West,Furniture,932,1
934,2024-07-22,East,Technology,3289,7
935,2024-07-23,West,Furniture,195,2
936,2024-07-24,South,Office Supplies,1981,8
937,2024-07-25,West,Technology,4297,4
938,2024-07-26,West,Furniture,1089,9
939,2024-07-27,East,Technology,1668,6
940,2024-07-28,East,Technology,1684,3
941,2024-07-29,East,Furniture,2461,8
942,2024-07-30,South,Technology,4251,8
943,2024-07-31,East,Furniture,2473,4
944,2024-08-01,North,Office Supplies,1830,4
945,2024-08-02,North,Furniture,1892,4
946,2024-08-03,South,Furniture,2783,4
947,2024-08-04,West,Office Supplies,195,7
948,2024-08-05,West,Office Supplies,2144,4
949,2024-08-06,South,Furniture,530,9
950,2024-08-07,South,Office Supplies,3099,2
951,2024-08-08,South,Furniture,1624,8
952,2024-08-09,South,Technology,1299,5
953,2024-08-10,South,Office Supplies,2841,3
954,2024-08-11,South,Technology,4913,8
955,2024-08-12,North,Technology,1660,7
956,2024-08-13,South,Furniture,2363,9
957,2024-08-14,North,Office Supplies,3243,6
958,2024-08-15,North,Furniture,4322,6
959,2024-08-16,East,Office Supplies,4317,3
960,2024-08-17,East,Furniture,2544,9
961,2024-08-18,South,Technology,4663,2
962,2024-08-19,West,Furniture,3472,7
963,2024-08-20,West,Furniture,2269,2
964,2024-08-21,West,Furniture,1124,3
965,2024-08-22,West,Furniture,1149,8
966,2024-08-23,West,Furniture,2184,5
967,2024-08-24,South,Technology,1171,6
968,2024-08-25,East,Furniture,2499,7
969,2024-08-26,North,Technology,2277,2
970,2024-08-27,North,Technology,4135,5
971,2024-08-28,South,Furniture,3867,3
972,2024-08-29,West,Office Supplies,1674,6
973,2024-08-30,West,Office Supplies,1096,4
974,2024-08-31,South,Furniture,3606,9
975,2024-09-01,South,Furniture,4309,4
976,2024-09-02,North,Office Supplies,2109,8
977,2024-09-03,West,Office Supplies,2778,6
978,2024-09-04,West,Furniture,4677,9
979,2024-09-05,North,Technology,3888,8
980,2024-09-06,East,Furniture,2716,7
981,2024-09-07,North,Technology,2957,6
982,2024-09-08,North,Office Supplies,4442,3
983,2024-09-09,East,Office Supplies,2693,3
984,2024-09-10,South,Technology,3608,2
985,2024-09-11,North,Technology,882,9
986,2024-09-12,South,Furniture,1484,3
987,2024-09-13,North,Furniture,4439,3
988,2024-09-14,South,Office Supplies,2022,8
989,2024-09-15,West,Office Supplies,3199,1
990,2024-09-16,East,Technology,2766,7
991,2024-09-17,North,Furniture,1246,8
992,2024-09-18,South,Technology,2579,8
993,2024-09-19,East,Technology,4577,6
994,2024-09-20,East,Technology,3607,5
995,2024-09-21,South,Furniture,4360,8
996,2024-09-22,East,Office Supplies,1844,4
997,2024-09-23,North,Furniture,2713,2
998,2024-09-24,North,Office Supplies,1615,3
999,2024-09-25,South,Technology,3883,3
1000,2024-09-26,North,Office Supplies,3573,1
